minx,miny,maxx,maxy
117.152901,-22.845568,117.608892,-22.414599
