minx,miny,maxx,maxy
131.38561299999998,-13.612913,131.573778,-13.500770999999999
