minx,miny,maxx,maxy
1580407.7072402057,7410519.683892986,1660389.8088394217,7462767.138627725
