minx,miny,maxx,maxy
-307303.25424561417,7837807.64102876,-294026.1509343982,7852805.157721991
