minx,miny,maxx,maxy
116.94353999999998,-23.512167,118.86134799999999,-22.172983
