minx,miny,maxx,maxy
138.45126,-33.550909,139.102283,-33.073491
