minx,miny,maxx,maxy
138.558354,-33.589956,139.014345,-33.112752
