minx,miny,maxx,maxy
138.61341098119237,-33.582957092301925,139.0507094611212,-33.06846632084908
