minx,miny,maxx,maxy
138.506141,-33.907252,138.918181,-33.598964
