minx,miny,maxx,maxy
131.507751,-13.582995,131.57196000000002,-13.525254
