minx,miny,maxx,maxy,lower,upper
515687.3100586407,7473446.765934078,562666.8601065436,7521273.574077863,-3200,1200.0
