minx,miny,maxx,maxy
-323501.3646215355,7713381.126574357,-298834.7150487107,7729578.638283772
