minx,miny,maxx,maxy
-322328.1503441819,7718119.435167534,-307088.1026571777,7730322.929031834
