minx,miny,maxx,maxy
139.027991,-20.495420000000006,139.420759,-20.275294
