minx,miny,maxx,maxy
146.216449,-42.789512,146.429336,-42.593691
