minx,miny,maxx,maxy
145.31448899999995,-41.742707,145.543171,-41.605768
