X,Y,fname,apparent_displacement,vertical_displacement,downthrow_dir
601824.3878118513,5611449.755642579,MITCHELL FAULT,1,1,1
594605.4680502671,5642585.835436437,NUBLET THRUST,1,1,1
590808.9236446428,5642413.4832831565,SIMPSON PASS THRUST,1,1,1
591794.8816221064,5628143.644061965,MITCHELL FAULT,1,1,1
