formation,thickness median,thickness std,method
Od_Tp,101.0,75.07032503603514,full
Od_Sk,490.5,140.69278701291094,full
OdSl_B,287.0,182.04281030882152,full
Dv_A,98.5,246.6798335390257,full
Dv_PMH,293.0,283.7177014975448,full
Dv_Ss,137.0,281.3209337072794,full
Cb_Bf_l_u,170.0,148.94286248284936,full
Dv_Pa,480.0,433.96219220026444,min
Cb_Bf_u_B,542.0,183.3040622665103,min
DvCb_EBf_l_lm,287.0,nan,guess
