minx,miny,maxx,maxy
139.120651,-19.281616,139.308816,-19.172694
