minx,miny,maxx,maxy
139.144661,-19.279023,139.30261,-19.164911
