WKT	OBJECTID	FEATURE
"LINESTRING (603541.2192899144 5635636.919371974, 603541.4493956348 5635636.619038286, 603566.9196054696 5635603.378270042, 603567.0509586583 5635603.198116821, 603567.0535638544 5635603.1944673, 603669.9091316826 5635462.182973272, 603669.9489059083 5635462.128345149, 603758.8614030459 5635336.676521312, 603791.2576985552 5635290.966648759, 603872.6841278875 5635172.981596417, 603950.7869712864 5635073.275677429, 604052.1546312382 5634956.952226125, 604178.4485478741 5634822.349461613, 604201.4260185495 5634790.092528078, 604264.8603029659 5634701.040671027, 604356.2573061204 5634518.246655311, 604378.7866789656 5634454.94974666, 604391.1542936377 5634420.202601906, 604450.9777828181 5634255.688009379, 604530.7425075744 5634087.849799146, 604632.1101289268 5633905.055798246, 604657.0364776389 5633853.541171027, 604657.9035880923 5633851.523626857, 604743.4482125567 5633652.467831361, 604876.3892993325 5633419.820891473, 605074.139177365 5633177.203417672, 605280.1979032843 5632924.615305238, 605443.0507377398 5632713.571281926, 605545.4780421328 5632579.894944888, 605551.7699490793 5632571.683409214, 605626.3499163346 5632474.350376111)"	"284"	"fault"
"LINESTRING (603122.7792496283 5636687.50258148, 603137.9170258633 5636616.306486025, 603148.5456217806 5636559.620539582, 603158.0207774399 5636487.326903686, 603167.9468295719 5636414.22462257, 603183.9057757409 5636353.290600545, 603183.9517713436 5636353.116546474, 603236.8472868805 5636152.862474948, 603236.9374468032 5636152.520833747, 603251.1844770554 5636098.583892787, 603255.4053833315 5636089.204112169)"	"285"	"fault"
"LINESTRING (603255.4053833315 5636089.204112169, 603311.0079769455 5635965.642740006, 603362.5226164931 5635864.275186928, 603395.7579419026 5635814.422317194, 603468.8754873301 5635731.334157044, 603541.2192899144 5635636.919371974)"	"286"	"fault"
"LINESTRING (602872.8591824514 5637104.358713125, 603006.369940326 5636968.825011747, 603009.4721658238 5636963.241046513, 603042.7477940809 5636903.344799058, 603088.8264952884 5636816.037806876, 603122.7792496283 5636687.50258148, 603120.4248522323 5636690.69249966)"	"310"	"fault"
