minx,miny,maxx,maxy
145.707608,-37.090325,145.939724,-36.940648
